<?xml version="1.0" encoding="utf-8" ?>
<Defs>

	<AlienRace.RaceSettings>
		<defName>R5_Astromech_Settings</defName>
		<pawnKindSettings>
			<startingColonists>
				<li>
					<pawnKindEntries>
						<li>
							<kindDefs>
								<li>Pawn_R5_Astromech</li>
							</kindDefs>
							<chance>20.0</chance>
						</li>
					</pawnKindEntries>
					<factionDefs>
						<li>AstromechPlayerColony</li> 
					</factionDefs>
				</li>
			</startingColonists>
        </pawnKindSettings>
	</AlienRace.RaceSettings>

</Defs>