﻿<?xml version="1.0" encoding="utf-8"?>
<Defs>

  <AlienRace.ThingDef_AlienRace ParentName="SW_Droid_Base">
    <defName>R3_Astromech</defName>
    <label>R3 Astromech Droid</label>
    <description>The R3-series astromech droid was part of the line of R-series astromech droids manufactured by Industrial Automaton. The R3's computer was capable of housing an immense amount of data</description>
    <alienRace>
      <generalSettings>
        <forcedRaceTraitEntries>
          <li>
            <defName>AstromechAI</defName>
            <chance>100</chance>
          </li>
        </forcedRaceTraitEntries>
        <notXenophobistTowards>
          <li>Human</li>
          <li>R2_Astromech</li>
          <!--<li>R3_Astromech</li>-->
          <li>R4_Astromech</li>
          <li>R5_Astromech</li>
          <li>R6_Astromech</li>
          <li>C1_Astromech</li>
          <li>BB_Astromech</li>
        </notXenophobistTowards>
        <alienPartGenerator>
          <aliencrowntypes>
            <li>Male</li>
          </aliencrowntypes>
          <alienbodytypes>
            <li>Male</li>
          </alienbodytypes>
          <useGenderedHeads>false</useGenderedHeads>
          <useGenderedBodies>false</useGenderedBodies>
          <customDrawSize>(0.65, 0.65)</customDrawSize>
          <customHeadDrawSize>(0.67, 0.67)</customHeadDrawSize>
          <customPortraitDrawSize>(0.65, 0.65)</customPortraitDrawSize>
          <customPortraitHeadDrawSize>(0.67, 0.67)</customPortraitHeadDrawSize>
          <headOffset>(0, 0)</headOffset>
          <bodyAddons>
            <li>
              <drawSize>(0.67, 0.67)</drawSize>
              <path>Races/R3/Head/Male</path>
              <bodyPart>SW_Astromech_Head</bodyPart>
              <inFrontOfBody>true</inFrontOfBody>
              <useSkinColor>true</useSkinColor>
              <layerOffset>0.02</layerOffset>
              <offsets>
                <south>
                  <bodyTypes>
                    <Male>(-0.415, 0.215)</Male>
                  </bodyTypes>
                </south>
                <north>
                  <bodyTypes>
                    <Male>(0, 0.522)</Male>
                  </bodyTypes>
                </north>
                <east>
                  <bodyTypes>
                    <Male>(-0.425, 0.22)</Male>
                  </bodyTypes>
                  <crownTypes>
                    <Male>(0, 0)</Male>
                  </crownTypes>
                </east>
              </offsets>
            </li>
          </bodyAddons>
          <alienskincolorgen Class="ColorGenerator_Options">
            <!--=======!!!!!!!!!!!!!!!!!!!!!!!!!=========-->
            <options>
              <li>
                <!--Red-->
                <weight>10</weight>
                <only>(255,0,0)</only>
              </li>
              <li>
                <!--Dark-Red-->
                <weight>10</weight>
                <only>(140,0,0)</only>
              </li>
              <li>
                <!--Red-Orange-->
                <weight>10</weight>
                <only>(220,60,0)</only>
              </li>
              <li>
                <!--Orange-->
                <weight>10</weight>
                <only>(220,100,0)</only>
              </li>
              <li>
                <!--Purple-->
                <weight>10</weight>
                <only>(200,0,255)</only>
              </li>
              <li>
                <!--Blue-->
                <weight>10</weight>
                <only>(0,0,150)</only>
              </li>
              <li>
                <!--Turquoise-->
                <weight>10</weight>
                <only>(0,200,150)</only>
              </li>
              <li>
                <!--Green-->
                <weight>10</weight>
                <only>(0,200,0)</only>
              </li>
              <li>
                <!--Dark-Green-->
                <weight>10</weight>
                <only>(0,130,0)</only>
              </li>
              <li>
                <!--Yellow-->
                <weight>10</weight>
                <only>(255,255,0)</only>
              </li>
              <li>
                <!--Black-->
                <weight>1</weight>
                <only>(0,0,0)</only>
              </li>
              <li>
                <!--Brown-->
                <weight>10</weight>
                <only>(70,50,30)</only>
              </li>
            </options>
          </alienskincolorgen>
        </alienPartGenerator>
      </generalSettings>
      <graphicPaths>
        <li>
          <body>Races/R3/</body>
          <head>Races/R3/Head/</head>
        </li>
      </graphicPaths>
    </alienRace>
    <statBases>
      <MarketValue>2500</MarketValue>

      <SmeltingSpeed>0.35</SmeltingSpeed>
      <GlobalLearningFactor>1</GlobalLearningFactor>
      <GeneralLaborSpeed>0.2</GeneralLaborSpeed>
      <MeleeDodgeChance>.90</MeleeDodgeChance>
      <ResearchSpeed>0.5</ResearchSpeed>

      <MoveSpeed>4.20</MoveSpeed>
      <CarryingCapacity>25</CarryingCapacity>
      <Mass>20</Mass>
      <ToxicSensitivity>0</ToxicSensitivity>
      <Flammability>0</Flammability>
      <ArmorRating_Sharp>.40</ArmorRating_Sharp>
      <ArmorRating_Blunt>.20</ArmorRating_Blunt>
      <ArmorRating_Heat>2.00</ArmorRating_Heat>
      <ComfyTemperatureMin>-200</ComfyTemperatureMin>
      <ComfyTemperatureMax>200</ComfyTemperatureMax>
      <PainShockThreshold>0.99</PainShockThreshold>
      <HungerRateMultiplier>0</HungerRateMultiplier>
      <ImmunityGainSpeed>10</ImmunityGainSpeed>
      <EatingSpeed>0</EatingSpeed>
      <WorkSpeedGlobal>0</WorkSpeedGlobal>
      <LeatherAmount>0</LeatherAmount>
      <MeatAmount>0</MeatAmount>
      <PlantWorkSpeed>0</PlantWorkSpeed>
      <PsychicSensitivity>0</PsychicSensitivity>
      <TrainAnimalChance>0</TrainAnimalChance>
      <TameAnimalChance>0</TameAnimalChance>
      <SmoothingSpeed>0</SmoothingSpeed>
      <AnimalGatherSpeed>0</AnimalGatherSpeed>
      <MiningSpeed>0</MiningSpeed>
      <!--social -->
      <NegotiationAbility>0</NegotiationAbility>
      <TradePriceImprovement>0</TradePriceImprovement>
      <SocialImpact>0</SocialImpact>
      <!--violence -->
      <HuntingStealth>0</HuntingStealth>
      <!--foragers -->
      <CookSpeed>0</CookSpeed>
      <ButcheryFleshSpeed>0</ButcheryFleshSpeed>
      <ButcheryFleshEfficiency>0</ButcheryFleshEfficiency>
      <!--primative -->
      <DrugCookingSpeed>0</DrugCookingSpeed>
      <MedicalTendQuality>0</MedicalTendQuality>
      <MedicalSurgerySuccessChance>0</MedicalSurgerySuccessChance>
    </statBases>
    <tools>
      <li>
        <label>Charge Arm</label>
        <capacities>
          <li>Stab</li>
        </capacities>
        <power>12</power>
        <cooldownTime>2</cooldownTime>
        <linkedBodyPartsGroup>Hands</linkedBodyPartsGroup>
        <chanceFactor>3</chanceFactor>
        <surpriseAttack>
          <extraMeleeDamages>
            <li>
              <def>Stun</def>
              <amount>14</amount>
            </li>
          </extraMeleeDamages>
        </surpriseAttack>
      </li>
      <li>
        <label>Electric Arc Welder</label>
        <capacities>
          <li>Cut</li>
          <li>Stab</li>
        </capacities>
        <power>8</power>
        <cooldownTime>2</cooldownTime>
        <linkedBodyPartsGroup>Hands</linkedBodyPartsGroup>
        <chanceFactor>14</chanceFactor>
        <surpriseAttack>
          <extraMeleeDamages>
            <li>
              <def>Stun</def>
              <amount>14</amount>
            </li>
          </extraMeleeDamages>
        </surpriseAttack>
      </li>
      <li>
        <label>Circular Saw</label>
        <capacities>
          <li>Cut</li>
        </capacities>
        <power>10</power>
        <cooldownTime>2</cooldownTime>
        <linkedBodyPartsGroup>Hands</linkedBodyPartsGroup>
        <chanceFactor>9</chanceFactor>
        <surpriseAttack>
          <extraMeleeDamages>
            <li>
              <def>Stun</def>
              <amount>14</amount>
            </li>
          </extraMeleeDamages>
        </surpriseAttack>
      </li>
      <li>
        <label>head</label>
        <capacities>
          <li>Blunt</li>
        </capacities>
        <power>5</power>
        <cooldownTime>1.8</cooldownTime>
        <linkedBodyPartsGroup>HeadAttackTool</linkedBodyPartsGroup>
        <chanceFactor>5</chanceFactor>
      </li>
    </tools>
    <race>
      <nameGenerator>NamerPersonRIII</nameGenerator>
      <body>Astromech_R2_R6_R0_Body</body>
      <baseBodySize>0.7</baseBodySize>
      <baseHealthScale>0.75</baseHealthScale>
      <hediffGiverSets>
        <li>AstromechTraitsGiver</li>
      </hediffGiverSets>
    </race>
    <recipes>
      <li>Astromech_MemoryWipe</li>
      <li>SW_Install_Heat_Exaust</li>
      <li>SW_Install_Power_Cell</li>
      <li>SW_Install_Fluid_Reprocessor</li>
      <li>SW_Install_IntellexIV</li>
      <li>SW_Install_IntellexV</li>
      <li>SW_Install_Radar_Eye</li>
      <li>SW_Install_Sensor_Unit</li>
      <li>SW_Install_Infrared_Receptor</li>
      <li>SW_Install_VicksVisc_Holographic_RecorderProjector</li>
      <li>SW_Install_Auditory_Sensor</li>
      <li>SW_Install_Loudspeaker</li>
      <li>SW_Install_Arm</li>
      <li>SW_Install_Motorized_Tread</li>
      <li>Deactivate_Social</li>
      <li>Activate_Social</li>
      <li>SW_Install_Arm_Computer_Scomp_Link</li>
      <li>SW_Install_Arm_Repair_Arm</li>
      <li>SW_Install_Arm_Charge_Arm</li>
      <li>SW_Install_Arm_Electric_Arc_Welder</li>
      <li>SW_Install_Arm_Circular_Saw</li>
      <li>SW_Install_Arm_Hypodermic_Injector</li>
      <li>SW_Install_Arm_Cutting_Saw</li>
    </recipes>
    <butcherProducts>
      <Steel>50</Steel>
      <Plasteel>40</Plasteel>
      <ComponentIndustrial>4</ComponentIndustrial>
      <ComponentSpacer>1</ComponentSpacer>
    </butcherProducts>
  </AlienRace.ThingDef_AlienRace>

</Defs>