﻿<?xml version="1.0" encoding="utf-8"?>
<Defs>
  
  <PawnKindDef>
    <defName>Pawn_C1_Astromech</defName>
    <race>C1_Astromech</race>
    <combatPower>30</combatPower>
    <isFighter>false</isFighter>
    <apparelIgnoreSeasons>true</apparelIgnoreSeasons>
    <forceNormalGearQuality>true</forceNormalGearQuality>
	  <defaultFactionType>PlayerColony</defaultFactionType>
    <backstoryFiltersOverride>
      <li>
        <categories>
          <li>AstromechBackstory</li>
        </categories>
      </li>
    </backstoryFiltersOverride>
    <chemicalAddictionChance>0.00</chemicalAddictionChance>
    <apparelTags>
    </apparelTags>
    <apparelMoney>
      <min>0</min>
      <max>0</max>
    </apparelMoney>
    <backstoryCryptosleepCommonality>0</backstoryCryptosleepCommonality>
    <techHediffsMoney>
      <min>120</min>
      <max>3000</max>
    </techHediffsMoney>
    <techHediffsTags>
      <li>Good</li>
    </techHediffsTags>
    <techHediffsChance>0.02</techHediffsChance>
	  <minGenerationAge>1</minGenerationAge>
    <maxGenerationAge>300</maxGenerationAge>
   </PawnKindDef>
  
</Defs>