<?xml version="1.0" encoding="utf-8"?>
<Defs>
  
  <!--Memory Wipe-->
  
  <HediffDef Name="Astromech_RacialBase" Abstract="True">
    <hediffClass>HediffWithComps</hediffClass>
    <defaultLabelColor>(170, 210, 100)</defaultLabelColor>
    <description>...</description>
    <isBad>false</isBad>
    <scenarioCanAdd>false</scenarioCanAdd>
  </HediffDef>

  <JecsTools.HediffExpandedDef ParentName="Astromech_RacialBase">
    <defName>AstromechAICorePrograming</defName>
    <label>Astromech Droid AI Core Programing</label>
    <labelNoun>a Enhanced AI Core Programing</labelNoun>
    <postListText>Droids</postListText>
    <stages>
      <li>
        <painFactor>0</painFactor>
      </li>
    </stages>
    <spawnThingOnRemoved>Painstopper</spawnThingOnRemoved>
  </JecsTools.HediffExpandedDef>
  
  <HediffGiverSetDef>
    <defName>AstromechTraitsGiver</defName>
    <hediffGivers>
      <li Class="JecsTools.HediffGiver_StartWithHediff">
        <hediff>AstromechAICorePrograming</hediff>
        <partsToAffect>
          <li>Brain</li>
        </partsToAffect>
        <expandedDef>AstromechAICorePrograming</expandedDef>
      </li>
    </hediffGivers>
  </HediffGiverSetDef>

  <JecsTools.HediffExpandedDef ParentName="Astromech_RacialBase">
    <defName>MemoryWiped</defName>
    <label>memory wiped</label>
    <labelNoun>a memory wipe</labelNoun>
    <description>The memory of this droid has to be wiped every 4-5 days.</description>
    <postListText>Droids</postListText>
    <initialSeverity>1</initialSeverity>
    <maxSeverity>1</maxSeverity>
    <comps>
      <li Class="HediffCompProperties_SeverityPerDay">
        <severityPerDay>-0.2</severityPerDay>
      </li>
    </comps>
    <stages>
      <li>
        <label>Stage V</label>
        <statOffsets>
          <GlobalLearningFactor>-0.3</GlobalLearningFactor>
        </statOffsets>
      </li>
      <li>
        <minSeverity>0.025</minSeverity>
        <label>Stage IV</label>
        <opinionOfOthersFactor>0.90</opinionOfOthersFactor>
        <capMods>
          <li>
            <capacity>Talking</capacity>
            <offset>-0.1</offset>
          </li>
          <li>
            <capacity>Hearing</capacity>
            <offset>-0.1</offset>
          </li>
        </capMods>
        <statOffsets>
          <GlobalLearningFactor>-0.55</GlobalLearningFactor>
        </statOffsets>
      </li>
      <li>
        <minSeverity>0.05</minSeverity>
        <label>Stage III</label>
        <opinionOfOthersFactor>0.75</opinionOfOthersFactor>
        <capMods>
          <li>
            <capacity>Talking</capacity>
            <offset>-0.25</offset>
          </li>
          <li>
            <capacity>Hearing</capacity>
            <offset>-0.25</offset>
          </li>
        </capMods>
        <statOffsets>
          <GlobalLearningFactor>-0.7</GlobalLearningFactor>
        </statOffsets>
      </li>
      <li>
        <minSeverity>0.10</minSeverity>
        <label>Stage II</label>
        <opinionOfOthersFactor>0.5</opinionOfOthersFactor>
        <capMods>
          <li>
            <capacity>Talking</capacity>
            <offset>-0.5</offset>
          </li>
          <li>
            <capacity>Hearing</capacity>
            <offset>-0.5</offset>
          </li>
        </capMods>
        <statOffsets>
          <GlobalLearningFactor>-0.8</GlobalLearningFactor>
        </statOffsets>
      </li>
      <li>
        <minSeverity>0.15</minSeverity>
        <label>Stage I</label>
        <opinionOfOthersFactor>0</opinionOfOthersFactor>
        <capMods>
          <li>
            <capacity>Talking</capacity>
            <offset>-1.0</offset>
          </li>
          <li>
            <capacity>Hearing</capacity>
            <offset>-1.0</offset>
          </li>
        </capMods>
        <statOffsets>
          <GlobalLearningFactor>-1</GlobalLearningFactor>
        </statOffsets>
      </li>
    </stages>
  </JecsTools.HediffExpandedDef>

  <RecipeDef>
    <defName>Astromech_MemoryWipe</defName>
    <label>memory wipe</label>
    <description>The memory of this droid has been wiped.</description>
    <workerClass>Recipe_InstallImplant</workerClass>
    <jobString>Wiping memory.</jobString>
    <effectWorking>ButcherMechanoid</effectWorking>
    <soundWorking>Recipe_ButcherCorpseMechanoid</soundWorking>
    <workSpeedStat>GeneralLaborSpeed</workSpeedStat>
    <workSkillLearnFactor>4</workSkillLearnFactor>
    <workSkill>Intellectual</workSkill>
    <workAmount>1000</workAmount>
    <surgerySuccessChanceFactor>2</surgerySuccessChanceFactor>
    <skillRequirements>
      <Intellectual>4</Intellectual>
    </skillRequirements>
    <ingredients>
      <li>
        <filter>
          <thingDefs>
            <li>ComponentIndustrial</li>
          </thingDefs>
        </filter>
        <count>1</count>
      </li>
    </ingredients>
    <fixedIngredientFilter>
      <thingDefs>
        <li>ComponentIndustrial</li>
      </thingDefs>
    </fixedIngredientFilter>
    <appliedOnFixedBodyParts>
      <li>SW_Droid_IntellexIV</li>
    </appliedOnFixedBodyParts>
    <addsHediff>MemoryWiped</addsHediff>
  </RecipeDef>

  <HediffDef>
    <defName>Deactivated_Social</defName>
    <label>Deactivated Social</label>
    <labelNoun>a Social Deactivated</labelNoun>
    <description>The droid will not socialize with other colonists.</description>
    <hediffClass>HediffWithComps</hediffClass>
    <isBad>false</isBad>
    <priceImpact>false</priceImpact>
    <defaultLabelColor>(170, 210, 100)</defaultLabelColor>
    <stages>
      <li>
        <opinionOfOthersFactor>0</opinionOfOthersFactor>
      </li>
    </stages>
  </HediffDef>

  <RecipeDef>
    <defName>Deactivate_Social</defName>
    <label>deactivate social</label>
    <description>The droid will not socialize with other colonists.</description>
    <workerClass>Recipe_InstallImplant</workerClass>
    <jobString>Deactivating social.</jobString>
    <effectWorking>ButcherMechanoid</effectWorking>
    <soundWorking>Recipe_ButcherCorpseMechanoid</soundWorking>
    <workSpeedStat>GeneralLaborSpeed</workSpeedStat>
    <workSkillLearnFactor>4</workSkillLearnFactor>
    <workSkill>Intellectual</workSkill>
    <workAmount>1000</workAmount>
    <surgerySuccessChanceFactor>2</surgerySuccessChanceFactor>
    <skillRequirements>
      <Intellectual>4</Intellectual>
    </skillRequirements>
    <ingredients>
      <li>
        <filter>
          <thingDefs>
            <li>ComponentIndustrial</li>
          </thingDefs>
        </filter>
        <count>1</count>
      </li>
    </ingredients>
    <fixedIngredientFilter>
      <thingDefs>
        <li>ComponentIndustrial</li>
      </thingDefs>
    </fixedIngredientFilter>
    <appliedOnFixedBodyParts>
      <li>SW_Droid_Skill_Matrix</li>
      <li>SW_Droid_Armored_Systems_Housig</li>
      <li>SW_Droid_Analysis_Processors</li>
      <li>SW_Droid_Analytical_Computer</li>
      <li>SW_Droid_TranLangII_Communications_Module</li>
      <li>SW_Droid_IntellexIV</li>
    </appliedOnFixedBodyParts>
    <addsHediff>Deactivated_Social</addsHediff>
  </RecipeDef>
  
  <RecipeDef>
    <defName>Activate_Social</defName>
    <label>Activate Social</label>
    <description>The droid will socialize with other colonists.</description>
    <descriptionHyperlinks>
      <HediffDef>Deactivated_Social</HediffDef>
    </descriptionHyperlinks>
    <jobString>Activating social.</jobString>
    <removesHediff>Deactivated_Social</removesHediff>
    <effectWorking>ButcherMechanoid</effectWorking>
    <soundWorking>Recipe_ButcherCorpseMechanoid</soundWorking>
    <workSpeedStat>GeneralLaborSpeed</workSpeedStat>
    <workSkillLearnFactor>4</workSkillLearnFactor>
    <workSkill>Intellectual</workSkill>
    <surgerySuccessChanceFactor>2</surgerySuccessChanceFactor>
    <workerClass>Recipe_RemoveImplant</workerClass>
    <workAmount>1000</workAmount>
    <isViolation>false</isViolation>
    <skillRequirements>
      <Intellectual>4</Intellectual>
    </skillRequirements>
    <ingredients>
      <li>
        <filter>
          <thingDefs>
            <li>ComponentIndustrial</li>
          </thingDefs>
        </filter>
        <count>1</count>
      </li>
    </ingredients>
    <fixedIngredientFilter>
      <thingDefs>
        <li>ComponentIndustrial</li>
      </thingDefs>
    </fixedIngredientFilter>
  </RecipeDef>

</Defs>
