<?xml version="1.0" encoding="utf-8" ?>
<Defs>

  <ThingDef ParentName="SW_AssemblyKit_Base">
    <defName>Create_R6_Item</defName>
    <label>R6 Astromech Assembly Kit</label>
    <description>A assembly kit containing the tools and materials, to fully create a Astromech Droid</description>
    <graphicData>
      <texPath>Things/Items/IndustrialAutomaton</texPath>
    </graphicData>
    <statBases>
      <MarketValue>1700</MarketValue>
    </statBases>
  </ThingDef>

  <ThingDef ParentName="SW_CreateBuilding_Base">
    <defName>Create_R6_Building</defName>
    <label>R6 Astromech Droid</label>
    <description>Creates a R6 Astromech Droid.</description>
    <comps>
      <li Class="O21Toolbox.CompProperties_PawnSpawner">
        <pawnKind>Pawn_R6_Astromech</pawnKind>
        <newborn>true</newborn>
      </li>
    </comps>
  </ThingDef>

  <RecipeDef>
    <defName>Create_R6_Droid</defName>
    <label>create R6 Astromech Droid</label>
    <description>Create a R6 Astromech Droid.</description>
    <jobString>Creating Droid.</jobString>
    <workSpeedStat>GeneralLaborSpeed</workSpeedStat>
    <effectWorking>Cook</effectWorking>
    <soundWorking>Recipe_Machining</soundWorking>
    <workAmount>5000</workAmount>
    <unfinishedThingDef>UnfinishedComponent</unfinishedThingDef>
    <ingredients>
      <li>
        <filter>
          <thingDefs>
            <li>Steel</li>
          </thingDefs>
        </filter>
        <count>50</count>
      </li>
      <li>
        <filter>
          <thingDefs>
            <li>Plasteel</li>
          </thingDefs>
        </filter>
        <count>40</count>
      </li>
      <li>
        <filter>
          <thingDefs>
            <li>ComponentIndustrial</li>
          </thingDefs>
        </filter>
        <count>4</count>
      </li>
      <li>
        <filter>
          <thingDefs>
            <li>ComponentSpacer</li>
          </thingDefs>
        </filter>
        <count>1</count>
      </li>
    </ingredients>
    <products>
      <Create_R6_Building>1</Create_R6_Building>
    </products>
    <recipeUsers>
      <li>TableMachining</li>
    </recipeUsers>
    <skillRequirements>
      <Crafting>8</Crafting>
    </skillRequirements>
    <workSkill>Crafting</workSkill>
    <researchPrerequisite>R6_Series</researchPrerequisite>
  </RecipeDef>

  <RecipeDef>
    <defName>Assemble_R6_DroidB</defName>
    <label>assemble R6 Astromech Droid</label>
    <description>Assemble a R6 Astromech Droid.</description>
    <jobString>Assembling Droid.</jobString>
    <workSpeedStat>GeneralLaborSpeed</workSpeedStat>
    <effectWorking>Cook</effectWorking>
    <soundWorking>Recipe_Machining</soundWorking>
    <workAmount>1</workAmount>
    <ingredients>
      <li>
        <filter>
          <thingDefs>
            <li>Create_R6_Item</li>
          </thingDefs>
        </filter>
        <count>1</count>
      </li>
    </ingredients>
    <products>
      <Create_R6_Building>1</Create_R6_Building>
    </products>
    <recipeUsers>
      <li>TableMachining</li>
    </recipeUsers>
    <workSkill>Crafting</workSkill>
  </RecipeDef>

</Defs>